rank,feature,category,target_user,fastest_path,thin_slice,oss_accelerators,competitor_proofs,evidence_links,source
1,Feature flags + staged rollouts (per-tenant),Platform primitives,merchant admin | internal ops (both),integrate (flag server) + minimal UI in our admin,gate 1 admin feature per-tenant + admin UI to flip the flag.,`.blackbox/.plans/2025-12-29_0154_deep-research-feature-research-step-04-oss-harvesting-cool-code-015445/oss/entries/unleash-unleash.md`; `.blackbox/.plans/2025-12-29_0154_deep-research-feature-research-step-04-oss-harvesting-cool-code-015445/oss/entries/flagsmith-flagsmith.md`,`.blackbox/.plans/2025-12-29_0154_deep-research-feature-research-step-03-competitors-adjacent-015445/competitors/evidence/launchdarkly.md`; `.blackbox/.plans/2025-12-29_0154_deep-research-feature-research-step-03-competitors-adjacent-015445/competitors/evidence/unleash.md`; `.blackbox/.plans/2025-12-29_0154_deep-research-feature-research-step-03-competitors-adjacent-015445/competitors/evidence/configcat.md`,"`.blackbox/.plans/2025-12-29_0154_deep-research-feature-research-step-03-competitors-adjacent-015445/competitors/evidence/launchdarkly.md`, `.blackbox/.plans/2025-12-29_0154_deep-research-feature-research-step-03-competitors-adjacent-015445/competitors/evidence/unleash.md`, `.blackbox/.plans/2025-12-29_0154_deep-research-feature-research-step-04-oss-harvesting-cool-code-015445/oss/entries/unleash-unleash.md`",evidence-index+features-ranked
2,Workflow automation hooks (triggers → actions → approvals),Platform primitives / Admin ops,merchant admin | internal ops (both),integrate (workflow engine) with strong guardrails,"1 webhook trigger → 1 action (e.g., create internal task) + run log.",`.blackbox/.plans/2025-12-29_0154_deep-research-feature-research-step-04-oss-harvesting-cool-code-015445/oss/entries/n8n-io-n8n.md`; `.blackbox/.plans/2025-12-29_0154_deep-research-feature-research-step-04-oss-harvesting-cool-code-015445/oss/entries/activepieces-activepieces.md`,`.blackbox/.plans/2025-12-29_0154_deep-research-feature-research-step-03-competitors-adjacent-015445/competitors/evidence/n8n.md`; `.blackbox/.plans/2025-12-29_0154_deep-research-feature-research-step-03-competitors-adjacent-015445/competitors/entries/zapier.md` (seed),"`.blackbox/.plans/2025-12-29_0154_deep-research-feature-research-step-03-competitors-adjacent-015445/competitors/evidence/n8n.md`, `.blackbox/.plans/2025-12-29_0154_deep-research-feature-research-step-04-oss-harvesting-cool-code-015445/oss/entries/activepieces-activepieces.md`",evidence-index+features-ranked
3,Audit log (“who changed what”),Platform primitives,"internal ops (primary), merchant admin (secondary)",build (on our event system) with simple UI.,"log key admin actions (order actions, settings changes) with actor + timestamp.",`https://github.com/pgaudit/pgaudit`; `https://github.com/open-telemetry/opentelemetry-collector`,`.blackbox/.plans/2025-12-29_0154_deep-research-feature-research-step-03-competitors-adjacent-015445/competitors/evidence/flagsmith.md`; `.blackbox/.plans/2025-12-29_0154_deep-research-feature-research-step-03-competitors-adjacent-015445/competitors/evidence/workato.md`,"`.blackbox/.plans/2025-12-29_0154_deep-research-feature-research-step-03-competitors-adjacent-015445/competitors/evidence/flagsmith.md`, `.blackbox/.plans/2025-12-29_0154_deep-research-feature-research-step-03-competitors-adjacent-015445/competitors/evidence/workato.md`, `https://github.com/pgaudit/pgaudit`",evidence-index+features-ranked
4,RBAC + granular permissions,Admin / operations,merchant admin | internal ops (both),build (integrated with tenancy + audit log).,roles + permissions for 3–5 critical resources.,`.blackbox/.plans/2025-12-29_0154_deep-research-feature-research-step-04-oss-harvesting-cool-code-015445/oss/entries/casbin-casbin.md`; `.blackbox/.plans/2025-12-29_0154_deep-research-feature-research-step-04-oss-harvesting-cool-code-015445/oss/entries/open-policy-agent-opa.md`,`.blackbox/.plans/2025-12-29_0154_deep-research-feature-research-step-03-competitors-adjacent-015445/competitors/evidence/directus.md`; `.blackbox/.plans/2025-12-29_0154_deep-research-feature-research-step-03-competitors-adjacent-015445/competitors/evidence/prismatic.md`,"`.blackbox/.plans/2025-12-29_0154_deep-research-feature-research-step-04-oss-harvesting-cool-code-015445/oss/entries/casbin-casbin.md`, `.blackbox/.plans/2025-12-29_0154_deep-research-feature-research-step-03-competitors-adjacent-015445/competitors/evidence/directus.md`",evidence-index+features-ranked
5,Returns portal + exchange-first flow,Customer / support + Post-purchase ops,merchant admin (primary),integrate (labels/carriers) + build workflow UI.,return initiation UI + reason capture + admin review queue.,`.blackbox/.plans/2025-12-29_0154_deep-research-feature-research-step-04-oss-harvesting-cool-code-015445/oss/entries/medusajs-medusa.md`; `.blackbox/.plans/2025-12-29_0154_deep-research-feature-research-step-04-oss-harvesting-cool-code-015445/oss/entries/saleor-saleor.md`,`.blackbox/.plans/2025-12-29_0154_deep-research-feature-research-step-02-competitors-core-015445/competitors/evidence/loop-returns.md`; `.blackbox/.plans/2025-12-29_0154_deep-research-feature-research-step-02-competitors-core-015445/competitors/evidence/aftership.md`; `.blackbox/.plans/2025-12-29_0154_deep-research-feature-research-step-02-competitors-core-015445/competitors/evidence/happy-returns.md`,"`.blackbox/.plans/2025-12-29_0154_deep-research-feature-research-step-02-competitors-core-015445/competitors/evidence/loop-returns.md`, `.blackbox/.plans/2025-12-29_0154_deep-research-feature-research-step-02-competitors-core-015445/competitors/evidence/aftership.md`, `.blackbox/.plans/2025-12-29_0154_deep-research-feature-research-step-02-competitors-core-015445/competitors/evidence/happy-returns.md`",evidence-index+features-ranked
6,Unified order timeline (“single pane of glass”),Admin / operations,merchant admin | internal ops (both),build + integrate (shipping/returns/support context panels).,single order view with status timeline + key actions.,`.blackbox/.plans/2025-12-29_0154_deep-research-feature-research-step-04-oss-harvesting-cool-code-015445/oss/entries/marmelab-react-admin.md`; `.blackbox/.plans/2025-12-29_0154_deep-research-feature-research-step-04-oss-harvesting-cool-code-015445/oss/entries/medusajs-medusa.md`,`.blackbox/.plans/2025-12-29_0154_deep-research-feature-research-step-02-competitors-core-015445/competitors/evidence/shopify.md`; `.blackbox/.plans/2025-12-29_0154_deep-research-feature-research-step-02-competitors-core-015445/competitors/evidence/gorgias.md`,"`.blackbox/.plans/2025-12-29_0154_deep-research-feature-research-step-02-competitors-core-015445/competitors/evidence/gorgias.md`, `.blackbox/.plans/2025-12-29_0154_deep-research-feature-research-step-02-competitors-core-015445/competitors/evidence/shipstation.md`, `.blackbox/.plans/2025-12-29_0154_deep-research-feature-research-step-04-oss-harvesting-cool-code-015445/oss/entries/marmelab-react-admin.md`",evidence-index+features-ranked
7,Admin usage analytics (what merchants actually use),Analytics / experiments,internal ops (primary),integrate (analytics) + build dashboards.,capture 10 key admin events + render 1 dashboard.,`.blackbox/.plans/2025-12-29_0154_deep-research-feature-research-step-04-oss-harvesting-cool-code-015445/oss/entries/posthog-posthog.md`,`.blackbox/.plans/2025-12-29_0154_deep-research-feature-research-step-03-competitors-adjacent-015445/competitors/evidence/posthog.md`,"`.blackbox/.plans/2025-12-29_0154_deep-research-feature-research-step-03-competitors-adjacent-015445/competitors/evidence/posthog.md`, `.blackbox/.plans/2025-12-29_0154_deep-research-feature-research-step-03-competitors-adjacent-015445/competitors/evidence/amplitude.md`, `.blackbox/.plans/2025-12-29_0154_deep-research-feature-research-step-04-oss-harvesting-cool-code-015445/oss/entries/posthog-posthog.md`",evidence-index+features-ranked
8,"Search + merchandising rules (boost/bury, synonyms)",Merchandising / CRO,merchant admin,integrate search engine + build merch UI.,search service + basic query UI + synonyms table.,`.blackbox/.plans/2025-12-29_0154_deep-research-feature-research-step-04-oss-harvesting-cool-code-015445/oss/entries/opensearch-project-opensearch.md` (Apache-2.0 expected; verify); `.blackbox/.plans/2025-12-29_0154_deep-research-feature-research-step-04-oss-harvesting-cool-code-015445/oss/entries/typesense-typesense.md` (GPL; flag),`.blackbox/.plans/2025-12-29_0154_deep-research-feature-research-step-02-competitors-core-015445/competitors/evidence/algolia.md`,"`.blackbox/.plans/2025-12-29_0154_deep-research-feature-research-step-02-competitors-core-015445/competitors/evidence/algolia.md`, `.blackbox/.plans/2025-12-29_0154_deep-research-feature-research-step-04-oss-harvesting-cool-code-015445/oss/entries/opensearch-project-opensearch.md`",evidence-index+features-ranked
9,Support inbox → action center,(see features-ranked),internal ops,build,(see features-ranked),(build),Gorgias; Zendesk; Intercom,"`.blackbox/.plans/2025-12-29_0154_deep-research-feature-research-step-02-competitors-core-015445/competitors/evidence/gorgias.md`, `.blackbox/.plans/2025-12-29_0154_deep-research-feature-research-step-02-competitors-core-015445/competitors/evidence/zendesk.md`, `.blackbox/.plans/2025-12-29_0154_deep-research-feature-research-step-02-competitors-core-015445/competitors/evidence/intercom.md`",evidence-index
10,CMS for marketing/admin content ops,Content / SEO,"internal ops (primary), merchant admin (secondary)",integrate CMS (service boundary) + embed surfaces.,1 content type + read-only embed in admin.,`.blackbox/.plans/2025-12-29_0154_deep-research-feature-research-step-04-oss-harvesting-cool-code-015445/oss/entries/payloadcms-payload.md`,`.blackbox/.plans/2025-12-29_0154_deep-research-feature-research-step-03-competitors-adjacent-015445/competitors/evidence/payload-cms.md`; `.blackbox/.plans/2025-12-29_0154_deep-research-feature-research-step-03-competitors-adjacent-015445/competitors/evidence/strapi.md`,"`.blackbox/.plans/2025-12-29_0154_deep-research-feature-research-step-03-competitors-adjacent-015445/competitors/evidence/payload-cms.md`, `.blackbox/.plans/2025-12-29_0154_deep-research-feature-research-step-04-oss-harvesting-cool-code-015445/oss/entries/payloadcms-payload.md`",evidence-index+features-ranked
11,Customer support “actions” (refund/replace) from the inbox,Customer / support,"internal ops (primary), merchant admin (secondary)",build embedable “order context panel” + action APIs.,show order context inside ticket view + 1 safe action.,`.blackbox/.plans/2025-12-29_0154_deep-research-feature-research-step-04-oss-harvesting-cool-code-015445/oss/entries/chatwoot-chatwoot.md`; `.blackbox/.plans/2025-12-29_0154_deep-research-feature-research-step-04-oss-harvesting-cool-code-015445/oss/entries/marmelab-react-admin.md`,`.blackbox/.plans/2025-12-29_0154_deep-research-feature-research-step-02-competitors-core-015445/competitors/evidence/gorgias.md`; `.blackbox/.plans/2025-12-29_0154_deep-research-feature-research-step-02-competitors-core-015445/competitors/evidence/zendesk.md`; `.blackbox/.plans/2025-12-29_0154_deep-research-feature-research-step-02-competitors-core-015445/competitors/evidence/intercom.md`,"`.blackbox/.plans/2025-12-29_0154_deep-research-feature-research-step-04-oss-harvesting-cool-code-015445/oss/entries/chatwoot-chatwoot.md`, `.blackbox/.plans/2025-12-29_0154_deep-research-feature-research-step-04-oss-harvesting-cool-code-015445/oss/entries/open-policy-agent-opa.md`, `.blackbox/.plans/2025-12-29_0154_deep-research-feature-research-step-02-competitors-core-015445/competitors/evidence/gorgias.md`",features-ranked
12,Subscription management portal (self-serve pause/skip/swap),Retention / lifecycle,merchant admin,integrate first (provider) + build best-in-class UI,show subscription status + allow pause/skip (read + 1 write action).,`.blackbox/.plans/2025-12-29_0154_deep-research-feature-research-step-04-oss-harvesting-cool-code-015445/oss/entries/saleor-saleor.md`; `.blackbox/.plans/2025-12-29_0154_deep-research-feature-research-step-04-oss-harvesting-cool-code-015445/oss/entries/medusajs-medusa.md`,`.blackbox/.plans/2025-12-29_0154_deep-research-feature-research-step-02-competitors-core-015445/competitors/evidence/recharge.md`; `.blackbox/.plans/2025-12-29_0154_deep-research-feature-research-step-02-competitors-core-015445/competitors/evidence/skio.md`; `.blackbox/.plans/2025-12-29_0154_deep-research-feature-research-step-02-competitors-core-015445/competitors/evidence/ordergroove.md`,`.blackbox/.plans/2025-12-29_0154_deep-research-feature-research-step-02-competitors-core-015445/competitors/evidence/recharge.md`; `.blackbox/.plans/2025-12-29_0154_deep-research-feature-research-step-02-competitors-core-015445/competitors/evidence/skio.md`; `.blackbox/.plans/2025-12-29_0154_deep-research-feature-research-step-02-competitors-core-015445/competitors/evidence/ordergroove.md`,features-ranked
13,Shipping ops: batch labels + rules engine + exception queues,Admin / operations,merchant admin | internal ops (both),integrate (carrier/label APIs) + build ops UI,order import view + bulk “create label” + tracking update.,`.blackbox/.plans/2025-12-29_0154_deep-research-feature-research-step-04-oss-harvesting-cool-code-015445/oss/entries/karrioapi-karrio.md`; `.blackbox/.plans/2025-12-29_0154_deep-research-feature-research-step-04-oss-harvesting-cool-code-015445/oss/entries/medusajs-medusa.md`,`.blackbox/.plans/2025-12-29_0154_deep-research-feature-research-step-02-competitors-core-015445/competitors/evidence/shipstation.md`; `.blackbox/.plans/2025-12-29_0154_deep-research-feature-research-step-02-competitors-core-015445/competitors/evidence/shippo.md`; `.blackbox/.plans/2025-12-29_0154_deep-research-feature-research-step-02-competitors-core-015445/competitors/evidence/easypost.md`,"`.blackbox/.plans/2025-12-29_0154_deep-research-feature-research-step-04-oss-harvesting-cool-code-015445/oss/entries/karrioapi-karrio.md`, `.blackbox/.plans/2025-12-29_0154_deep-research-feature-research-step-04-oss-harvesting-cool-code-015445/oss/entries/medusajs-medusa.md`, `.blackbox/.plans/2025-12-29_0154_deep-research-feature-research-step-02-competitors-core-015445/competitors/evidence/easypost.md`",features-ranked
14,Reviews/UGC moderation + incentives workflow,Customer / support + Merchandising / CRO,merchant admin,build workflow UI + integrate later as needed,moderation queue (approve/reject) + publish states.,`.blackbox/.plans/2025-12-29_0154_deep-research-feature-research-step-04-oss-harvesting-cool-code-015445/oss/entries/marmelab-react-admin.md`; `.blackbox/.plans/2025-12-29_0154_deep-research-feature-research-step-04-oss-harvesting-cool-code-015445/oss/entries/payloadcms-payload.md`,`.blackbox/.plans/2025-12-29_0154_deep-research-feature-research-step-02-competitors-core-015445/competitors/evidence/judge-me.md`; `.blackbox/.plans/2025-12-29_0154_deep-research-feature-research-step-02-competitors-core-015445/competitors/evidence/loox.md`; `.blackbox/.plans/2025-12-29_0154_deep-research-feature-research-step-02-competitors-core-015445/competitors/evidence/yotpo.md`,`.blackbox/.plans/2025-12-29_0154_deep-research-feature-research-step-02-competitors-core-015445/competitors/evidence/judge-me.md`; `.blackbox/.plans/2025-12-29_0154_deep-research-feature-research-step-02-competitors-core-015445/competitors/evidence/loox.md`; `.blackbox/.plans/2025-12-29_0154_deep-research-feature-research-step-02-competitors-core-015445/competitors/evidence/yotpo.md`,features-ranked
15,Lifecycle journeys (email/SMS) + segmentation,Retention / lifecycle,merchant admin,integrate providers first; keep orchestration minimal early,build segments + send a single campaign (via provider) + basic reporting.,`.blackbox/.plans/2025-12-29_0154_deep-research-feature-research-step-04-oss-harvesting-cool-code-015445/oss/entries/posthog-posthog.md`; `.blackbox/.plans/2025-12-29_0154_deep-research-feature-research-step-04-oss-harvesting-cool-code-015445/oss/entries/activepieces-activepieces.md`,`.blackbox/.plans/2025-12-29_0154_deep-research-feature-research-step-02-competitors-core-015445/competitors/evidence/klaviyo.md`; `.blackbox/.plans/2025-12-29_0154_deep-research-feature-research-step-02-competitors-core-015445/competitors/evidence/postscript.md`; `.blackbox/.plans/2025-12-29_0154_deep-research-feature-research-step-02-competitors-core-015445/competitors/evidence/attentive.md`,`.blackbox/.plans/2025-12-29_0154_deep-research-feature-research-step-02-competitors-core-015445/competitors/evidence/klaviyo.md`; `.blackbox/.plans/2025-12-29_0154_deep-research-feature-research-step-02-competitors-core-015445/competitors/evidence/postscript.md`; `.blackbox/.plans/2025-12-29_0154_deep-research-feature-research-step-02-competitors-core-015445/competitors/evidence/attentive.md`,features-ranked
16,CDP-lite: unified customer profile + “destinations” integrations,Platform primitives,internal ops (primary),build thin “destinations” layer (start with 2–3) + keep scope small,event sink + 1 destination + basic failure logs.,`.blackbox/.plans/2025-12-29_0154_deep-research-feature-research-step-04-oss-harvesting-cool-code-015445/oss/entries/posthog-posthog.md`; `.blackbox/.plans/2025-12-29_0154_deep-research-feature-research-step-04-oss-harvesting-cool-code-015445/oss/entries/activepieces-activepieces.md`,`.blackbox/.plans/2025-12-29_0154_deep-research-feature-research-step-03-competitors-adjacent-015445/competitors/evidence/segment.md`; `.blackbox/.plans/2025-12-29_0154_deep-research-feature-research-step-03-competitors-adjacent-015445/competitors/evidence/rudderstack.md`,`.blackbox/.plans/2025-12-29_0154_deep-research-feature-research-step-03-competitors-adjacent-015445/competitors/evidence/segment.md`; `.blackbox/.plans/2025-12-29_0154_deep-research-feature-research-step-03-competitors-adjacent-015445/competitors/evidence/rudderstack.md`,features-ranked
17,Embed BI dashboards for ops (tenant-safe),Analytics / experiments,"internal ops (primary), merchant admin (secondary)",integrate (BI) + embed,embed 1 dashboard + enforce tenant scoping.,`.blackbox/.plans/2025-12-29_0154_deep-research-feature-research-step-04-oss-harvesting-cool-code-015445/oss/entries/apache-superset.md` (Apache-2.0); `.blackbox/.plans/2025-12-29_0154_deep-research-feature-research-step-04-oss-harvesting-cool-code-015445/oss/entries/getredash-redash.md` (BSD); `.blackbox/.plans/2025-12-29_0154_deep-research-feature-research-step-04-oss-harvesting-cool-code-015445/oss/entries/metabase-metabase.md` (AGPL; flag),`.blackbox/.plans/2025-12-29_0154_deep-research-feature-research-step-03-competitors-adjacent-015445/competitors/evidence/metabase.md`; `.blackbox/.plans/2025-12-29_0154_deep-research-feature-research-step-03-competitors-adjacent-015445/competitors/evidence/apache-superset.md`,`.blackbox/.plans/2025-12-29_0154_deep-research-feature-research-step-04-oss-harvesting-cool-code-015445/oss/entries/apache-superset.md` (Apache-2.0); `.blackbox/.plans/2025-12-29_0154_deep-research-feature-research-step-04-oss-harvesting-cool-code-015445/oss/entries/getredash-redash.md` (BSD); `.blackbox/.plans/2025-12-29_0154_deep-research-feature-research-step-04-oss-harvesting-cool-code-015445/oss/entries/metabase-metabase.md` (AGPL; flag); `.blackbox/.plans/2025-12-29_0154_deep-research-feature-research-step-03-competitors-adjacent-015445/competitors/evidence/metabase.md`; `.blackbox/.plans/2025-12-29_0154_deep-research-feature-research-step-03-competitors-adjacent-015445/competitors/evidence/apache-superset.md`,features-ranked
18,Draft/preview/publish approvals (generic admin primitive),Platform primitives,internal ops (primary),"build the primitive (can power content, promos, configs)",draft + publish state machine for one object type.,`.blackbox/.plans/2025-12-29_0154_deep-research-feature-research-step-04-oss-harvesting-cool-code-015445/oss/entries/payloadcms-payload.md`; `.blackbox/.plans/2025-12-29_0154_deep-research-feature-research-step-04-oss-harvesting-cool-code-015445/oss/entries/temporalio-temporal.md`,`.blackbox/.plans/2025-12-29_0154_deep-research-feature-research-step-03-competitors-adjacent-015445/competitors/evidence/webflow.md`; `.blackbox/.plans/2025-12-29_0154_deep-research-feature-research-step-03-competitors-adjacent-015445/competitors/evidence/contentful.md`; `.blackbox/.plans/2025-12-29_0154_deep-research-feature-research-step-03-competitors-adjacent-015445/competitors/evidence/sanity.md`,`.blackbox/.plans/2025-12-29_0154_deep-research-feature-research-step-03-competitors-adjacent-015445/competitors/evidence/webflow.md`; `.blackbox/.plans/2025-12-29_0154_deep-research-feature-research-step-03-competitors-adjacent-015445/competitors/evidence/contentful.md`; `.blackbox/.plans/2025-12-29_0154_deep-research-feature-research-step-03-competitors-adjacent-015445/competitors/evidence/sanity.md`,features-ranked
19,Experimentation framework (A/B tests) with guardrails,Analytics / experiments,internal ops (primary),integrate (OSS experimentation) + minimal UI,create experiment + assign variants + report a single metric.,`.blackbox/.plans/2025-12-29_0154_deep-research-feature-research-step-04-oss-harvesting-cool-code-015445/oss/entries/growthbook-growthbook.md`,`.blackbox/.plans/2025-12-29_0154_deep-research-feature-research-step-03-competitors-adjacent-015445/competitors/evidence/vwo.md`; `.blackbox/.plans/2025-12-29_0154_deep-research-feature-research-step-03-competitors-adjacent-015445/competitors/evidence/optimizely.md`,`.blackbox/.plans/2025-12-29_0154_deep-research-feature-research-step-04-oss-harvesting-cool-code-015445/oss/entries/growthbook-growthbook.md`; `.blackbox/.plans/2025-12-29_0154_deep-research-feature-research-step-03-competitors-adjacent-015445/competitors/evidence/vwo.md`; `.blackbox/.plans/2025-12-29_0154_deep-research-feature-research-step-03-competitors-adjacent-015445/competitors/evidence/optimizely.md`,features-ranked
20,"Personalization/recommendations (basic, rules-first)",Merchandising / CRO,merchant admin,start rules-first; add ML later,rules-based recommendations for 1–2 placements.,`.blackbox/.plans/2025-12-29_0154_deep-research-feature-research-step-04-oss-harvesting-cool-code-015445/oss/entries/opensearch-project-opensearch.md`; `.blackbox/.plans/2025-12-29_0154_deep-research-feature-research-step-04-oss-harvesting-cool-code-015445/oss/entries/posthog-posthog.md`,`.blackbox/.plans/2025-12-29_0154_deep-research-feature-research-step-02-competitors-core-015445/competitors/evidence/nosto.md`,`.blackbox/.plans/2025-12-29_0154_deep-research-feature-research-step-02-competitors-core-015445/competitors/evidence/nosto.md`,features-ranked
21,Integration setup wizard + run logs + retries (generic “connectors” primitive),Platform primitives,"internal ops (primary), merchant admin (secondary)",build the primitive UI + keep connectors small,connector setup wizard + run history table for 1 integration.,`.blackbox/.plans/2025-12-29_0154_deep-research-feature-research-step-04-oss-harvesting-cool-code-015445/oss/entries/temporalio-temporal.md` (MIT); `.blackbox/.plans/2025-12-29_0154_deep-research-feature-research-step-04-oss-harvesting-cool-code-015445/oss/entries/activepieces-activepieces.md` (mixed/verify),`.blackbox/.plans/2025-12-29_0154_deep-research-feature-research-step-03-competitors-adjacent-015445/competitors/evidence/airbyte.md`; `.blackbox/.plans/2025-12-29_0154_deep-research-feature-research-step-03-competitors-adjacent-015445/competitors/evidence/zapier.md`; `.blackbox/.plans/2025-12-29_0154_deep-research-feature-research-step-03-competitors-adjacent-015445/competitors/evidence/pipedream.md`,"`.blackbox/.plans/2025-12-29_0154_deep-research-feature-research-step-04-oss-harvesting-cool-code-015445/oss/entries/temporalio-temporal.md`, `.blackbox/.plans/2025-12-29_0154_deep-research-feature-research-step-03-competitors-adjacent-015445/competitors/evidence/airbyte.md`",features-ranked
