store,url,niche,archetype,what_works,watchouts,features_to_steal,snapshot_file,snapshot_path,snapshot_title,snapshot_description,blocked,platform,bnpl,reviews,support,subscriptions,returns,search_personalization,tracking,ux_keywords,segment,model_score,signal_summary
Sezane,https://www.sezane.com,Premium DTC womenswear,DTC brand,Editorial merchandising that sells complete looks,Can bury basics behind storytelling,Shop the look; outfit bundling; editorial PLPs; strong photography,sezane.html,.blackbox/.plans/2025-12-29_0523_deep-research-ecommerce-benchmark-womens-fashion/artifacts/snapshots/homepages/sezane.html,Sézane | Official Site | Women’s Clothing & Accessories,"Welcome to Sézane: discover our women’s clothing, accessories, and essentials at the fairest price, delivered straight to your door.",,magento,,,,,,,"gtm, ga","returns_exchanges, gift_cards, newsletter_signup, sustainability",Premium DTC Womenswear,6.0,platform: magento
Reformation,https://www.thereformation.com,Premium DTC womenswear,DTC brand,Clear product storytelling with fit/occasion framing,Heavy imagery can impact performance,PDP fabric/fit callouts; outfit styling; sustainability positioning; fast checkout,reformation.html,.blackbox/.plans/2025-12-29_0523_deep-research-ecommerce-benchmark-womens-fashion/artifacts/snapshots/homepages/reformation.html,Sustainable Women's Clothing and Accessories | Reformation,Being naked is the #1 most sustainable option. Reformation is #2. We make sustainable clothing and accessories.,,magento,,,,,,,"gtm, ga","free_shipping, returns_exchanges, size_fit, gift_cards, newsletter_signup, sustainability",Premium DTC Womenswear,9.0,platform: magento
Aritzia,https://www.aritzia.com,Premium multi-brand womenswear (house brands),DTC brand,Strong merchandising and collection navigation,Bot protection blocks automated audits,PLP merchandising; category architecture; store locator; quick-add patterns,aritzia.html,.blackbox/.plans/2025-12-29_0523_deep-research-ecommerce-benchmark-womens-fashion/artifacts/snapshots/homepages/aritzia.html,Just a moment...,,bot_protection_or_blocked,magento,,,,,,,,,Womenswear (Other),2.0,blocked; platform: magento
Everlane,https://www.everlane.com,Modern essentials womenswear,DTC brand,Simple browsing and “materials/ethics” trust framing,Can feel generic without strong social proof,Clear value props; material transparency; minimalist PDP structure,everlane.html,.blackbox/.plans/2025-12-29_0523_deep-research-ecommerce-benchmark-womens-fashion/artifacts/snapshots/homepages/everlane.html,Everlane,"Shop Everlane now for modern essentials. We make the most beautiful essentials, at the best factories, without traditional markups.",,"shopify, magento",,yotpo,,,,"algolia, rebuy",,"returns_exchanges, gift_cards, newsletter_signup, loyalty_rewards, sustainability",Womenswear (Other),8.5,"platform: shopify, magento; reviews: yotpo; search: algolia, rebuy"
Madewell,https://www.madewell.com,Denim + casual womenswear,Legacy retail,Strong denim focus and wardrobe basics discovery,Bot protection blocks automated audits,Denim fit guidance; cross-sells; loyalty/rewards; store pickup framing,madewell.html,.blackbox/.plans/2025-12-29_0523_deep-research-ecommerce-benchmark-womens-fashion/artifacts/snapshots/homepages/madewell.html,Access Denied,,bot_protection_or_blocked,,,,,,,,,,Womenswear (Other),1.0,blocked
J.Crew,https://www.jcrew.com,Classic womenswear,Legacy retail,Promotion + merchandising cadence drives frequent return visits,Bot protection blocks automated audits,Promo merchandising; category landing pages; gifting modules,j-crew.html,.blackbox/.plans/2025-12-29_0523_deep-research-ecommerce-benchmark-womens-fashion/artifacts/snapshots/homepages/j-crew.html,Access Denied,,bot_protection_or_blocked,,,,,,,,,,Womenswear (Other),1.0,blocked
Banana Republic,https://bananarepublic.gap.com,Modern premium basics,Legacy retail,Strong occasion-based merchandising,Can feel promo-heavy at the expense of brand,Occasion edits; bundle styling; easy returns messaging,banana-republic.html,.blackbox/.plans/2025-12-29_0523_deep-research-ecommerce-benchmark-womens-fashion/artifacts/snapshots/homepages/banana-republic.html,Banana Republic,,,magento,"afterpay, klarna",,,,,,,"free_shipping, returns_exchanges, size_fit, store_locator, gift_cards, newsletter_signup, loyalty_rewards, sustainability",Other,11.0,"platform: magento; bnpl: afterpay, klarna"
Anthropologie,https://www.anthropologie.com,Boho womenswear + lifestyle,Legacy retail,Inspiration-first browsing with lifestyle merchandising,Can overwhelm users with variety,Editorial collections; cross-category merchandising; rich PDP media,anthropologie.html,.blackbox/.plans/2025-12-29_0523_deep-research-ecommerce-benchmark-womens-fashion/artifacts/snapshots/homepages/anthropologie.html,"Anthropologie - Women's Clothing, Accessories & Home","Explore Anthropologie's unique collection of women's clothing, accessories, home décor, furniture, gifts and more.",,magento,"afterpay, klarna, affirm",bazaarvoice,,subscribe_pro,,,,"free_shipping, returns_exchanges, store_locator, gift_cards, newsletter_signup, loyalty_rewards, sustainability",Womenswear (Other),11.5,"platform: magento; bnpl: afterpay, klarna, affirm; reviews: bazaarvoice"
Free People,https://www.freepeople.com,Boho womenswear,Legacy retail,Trend-forward assortment with strong imagery,Navigation can get long/scroll-heavy,Trending edits; outfit styling; UGC + reviews; free-shipping thresholds,free-people.html,.blackbox/.plans/2025-12-29_0523_deep-research-ecommerce-benchmark-womens-fashion/artifacts/snapshots/homepages/free-people.html,Free People - Women’s Boho Clothing & Bohemian Fashion,"Free People, a specialty lifestyle brand, is the destination for bohemian fashion & one-of-a-kind clothing, accessories, shoes & beauty. Shop our collection today.",,magento,"afterpay, klarna, affirm",bazaarvoice,,subscribe_pro,,,,"free_shipping, returns_exchanges, size_fit, gift_cards, newsletter_signup, loyalty_rewards, sustainability",Womenswear (Other),13.0,"platform: magento; bnpl: afterpay, klarna, affirm; reviews: bazaarvoice"
Urban Outfitters,https://www.urbanoutfitters.com,Youth fashion + streetwear,Legacy retail,Fast trend merchandising and discovery,Can be noisy and promo-saturated,PLP quick add; trend capsules; personalization recommendations,urban-outfitters.html,.blackbox/.plans/2025-12-29_0523_deep-research-ecommerce-benchmark-womens-fashion/artifacts/snapshots/homepages/urban-outfitters.html,"Urban Outfitters: Men’s & Women’s Clothing, Homeware & Decor","Shop men’s and women’s apparel, streetwear clothing, and stylish apartment décor and furniture at Urban Outfitters. Explore new arrivals today.",,magento,"afterpay, klarna, affirm",bazaarvoice,,subscribe_pro,,nosto,,"free_shipping, returns_exchanges, size_fit, store_locator, gift_cards, newsletter_signup, loyalty_rewards, sustainability",Other,14.5,"platform: magento; bnpl: afterpay, klarna, affirm; reviews: bazaarvoice; search: nosto"
Lulus,https://www.lulus.com,Occasion dresses (mid-price),DTC brand,Occasion-first shopping with strong search intent capture,PDP confidence needs constant upkeep,Occasion filters; fit guidance; reviews + photos; clear shipping/returns,lulus.html,.blackbox/.plans/2025-12-29_0523_deep-research-ecommerce-benchmark-womens-fashion/artifacts/snapshots/homepages/lulus.html,Shop Women's Dresses & Clothing Online - Lulus,"Shop Lulus for must-have dresses, tops, shoes and accessories. Curated collections, exclusive styles and new items added daily. Everyday free shipping.",,magento,"afterpay, klarna",yotpo,,,,,,"free_shipping, returns_exchanges, gift_cards, newsletter_signup, loyalty_rewards, sustainability",Other,10.5,"platform: magento; bnpl: afterpay, klarna; reviews: yotpo"
ASOS,https://www.asos.com,Mass fashion marketplace,Marketplace,Massive discovery and inclusive ranges,Site weight and choice overload,Best-in-class filters; inclusive size navigation; fast search,,,,,,,,,,,,,,,Marketplace (Other),3.0,—
Zara,https://www.zara.com,Fast fashion,Legacy retail,High-end editorial feel at scale,Can reduce clarity on product details,Editorial merchandising; collection drops; minimal friction browsing,zara.html,.blackbox/.plans/2025-12-29_0523_deep-research-ecommerce-benchmark-womens-fashion/artifacts/snapshots/homepages/zara.html,,,,,,,,,,,,,Other,3.0,—
H&M,https://www2.hm.com,Value fast fashion,Legacy retail,Broad entry-price assortment and strong promo cadence,Bot protection blocks automated audits,Promo merchandising; category breadth; low-friction checkout,h-m.html,.blackbox/.plans/2025-12-29_0523_deep-research-ecommerce-benchmark-womens-fashion/artifacts/snapshots/homepages/h-m.html,Access Denied,,bot_protection_or_blocked,,,,,,,,,,Other,1.0,blocked
Uniqlo,https://www.uniqlo.com,Basics and functional apparel,Legacy retail,Benefits-led merchandising (fabric tech) builds confidence,Copy-heavy pages can feel dense,Fabric/tech education; comparison modules; clean PDP specs,uniqlo.html,.blackbox/.plans/2025-12-29_0523_deep-research-ecommerce-benchmark-womens-fashion/artifacts/snapshots/homepages/uniqlo.html,"Women's, Men's and Kids' Clothing & Accessories | UNIQLO US","Shop womens fashion from UNIQLO. Buy quality, affordable clothing ranging from XXS to plus sizes for workout, casual or formal styles.",bot_protection_or_blocked,magento,klarna,bazaarvoice,,,narvar,nosto,gtm,"free_shipping, returns_exchanges, size_fit, store_locator, gift_cards, newsletter_signup, sustainability",Other,14.5,blocked; platform: magento; bnpl: klarna; reviews: bazaarvoice; returns: narvar; search: nosto
Mango,https://shop.mango.com,Contemporary womenswear,Legacy retail,Modern visual merchandising that feels premium,Internationalization complexity,Occasion edits; strong imagery; multi-currency UX patterns,mango.html,.blackbox/.plans/2025-12-29_0523_deep-research-ecommerce-benchmark-womens-fashion/artifacts/snapshots/homepages/mango.html,,,,,,,,,,,,,Contemporary Womenswear,3.0,—
COS,https://www.cos.com,Minimal premium fashion,Legacy retail,Premium feel and disciplined product storytelling,Bot protection blocks automated audits,Minimalist PDP; strong typography; restrained promos,cos.html,.blackbox/.plans/2025-12-29_0523_deep-research-ecommerce-benchmark-womens-fashion/artifacts/snapshots/homepages/cos.html,Access Denied,,bot_protection_or_blocked,,,,,,,,,,Other,1.0,blocked
& Other Stories,https://www.stories.com,Contemporary womenswear,Legacy retail,Editorial merchandising with wearable styling,Bot protection blocks automated audits,Outfit styling; editorial PLPs; clean category pages,other-stories.html,.blackbox/.plans/2025-12-29_0523_deep-research-ecommerce-benchmark-womens-fashion/artifacts/snapshots/homepages/other-stories.html,Access Denied,,bot_protection_or_blocked,,,,,,,,,,Contemporary Womenswear,1.0,blocked
Arket,https://www.arket.com,Scandi minimal essentials,Legacy retail,Clear product universes and lifestyle framing,Bot protection blocks automated audits,Category architecture; sustainability cues; modern UX,arket.html,.blackbox/.plans/2025-12-29_0523_deep-research-ecommerce-benchmark-womens-fashion/artifacts/snapshots/homepages/arket.html,Access Denied,,bot_protection_or_blocked,,,,,,,,,,Other,1.0,blocked
Massimo Dutti,https://www.massimodutti.com,Premium high-street,Legacy retail,Premium positioning and editorial merchandising,Can hide product info behind imagery,Editorial collection pages; product styling; premium copy tone,massimo-dutti.html,.blackbox/.plans/2025-12-29_0523_deep-research-ecommerce-benchmark-womens-fashion/artifacts/snapshots/homepages/massimo-dutti.html,,,,,,,,,,,,,Other,3.0,—
Revolve,https://www.revolve.com,Trend fashion marketplace,Marketplace,Fast trend merchandising and influencer-driven discovery,Automated snapshot timed out; manual audit required,Trending edits; influencer merchandising; fast category discovery,,,,,,,,,,,,,,,Marketplace (Other),3.0,—
Shopbop,https://www.shopbop.com,Multi-brand womenswear,Marketplace,Clear discovery + filters tailored to fashion shoppers,Can feel utilitarian vs premium brands,Best-in-class filters; designer taxonomy; wishlists,shopbop.html,.blackbox/.plans/2025-12-29_0523_deep-research-ecommerce-benchmark-womens-fashion/artifacts/snapshots/homepages/shopbop.html,"Shopbop - Designer Clothing, Shoes, Bags & Accessories","Discover the latest apparel, activewear, shoes & accessories from established and emerging designers. Enjoy FREE Two-Day Shipping and FREE Returns.",,magento,,,,,,,,"free_shipping, returns_exchanges, gift_cards, newsletter_signup, loyalty_rewards, sustainability",Womenswear (Other),6.5,platform: magento
Net-a-Porter,https://www.net-a-porter.com,Luxury womenswear marketplace,Marketplace,Editorial + luxury service cues build trust,Automated snapshot timed out; manual audit required,Editorial merchandising; luxury trust framing; top-tier filtering,,,,,,,,,,,,,,,Luxury Marketplace,3.0,—
Mytheresa,https://www.mytheresa.com,Luxury womenswear marketplace,Marketplace,Extremely polished discovery + merchandising,Can be heavy on imagery/performance,Luxury filters; editorial + commerce blend; high trust UX,mytheresa.html,.blackbox/.plans/2025-12-29_0523_deep-research-ecommerce-benchmark-womens-fashion/artifacts/snapshots/homepages/mytheresa.html,Women's Luxury Fashion & Designer Shopping | Mytheresa,,,,,,,,,,,sustainability,Luxury Marketplace,3.0,—
Farfetch,https://www.farfetch.com,Luxury marketplace (multi-boutique),Marketplace,Massive selection with strong designer taxonomy,Bot protection blocks automated audits,Designer/category taxonomy; discovery at scale; global shipping UX,farfetch.html,.blackbox/.plans/2025-12-29_0523_deep-research-ecommerce-benchmark-womens-fashion/artifacts/snapshots/homepages/farfetch.html,Access Denied,,bot_protection_or_blocked,,,,,,,,,,Luxury Marketplace,1.0,blocked
Moda Operandi,https://www.modaoperandi.com,Luxury trunkshow / editorial commerce,Marketplace,Editorial storytelling tied to commerce,Smaller audience patterns may not generalize,Editorial commerce layout; preorder framing; curated edits,moda-operandi.html,.blackbox/.plans/2025-12-29_0523_deep-research-ecommerce-benchmark-womens-fashion/artifacts/snapshots/homepages/moda-operandi.html,Women's Designer Clothing Collections & Runway Fashion | Moda Operandi,"Shop the latest fashion, jewelry & home at Moda Operandi, from designers including Isabel Marant, Oscar de la Renta, Johanna Ortiz, Prada & more.",,,affirm,,zendesk,,,algolia,,"returns_exchanges, newsletter_signup, loyalty_rewards, sustainability",Other,8.0,bnpl: affirm; search: algolia
SSENSE,https://www.ssense.com,Luxury/streetwear marketplace,Marketplace,Culture-led discovery with strong editorial voice,Bot protection blocks automated audits,Editorial voice; search + merch blend; sharp PDP layouts,ssense.html,.blackbox/.plans/2025-12-29_0523_deep-research-ecommerce-benchmark-womens-fashion/artifacts/snapshots/homepages/ssense.html,Just a moment...,,bot_protection_or_blocked,magento,,,,,,,,,Luxury Marketplace,2.0,blocked; platform: magento
Nordstrom,https://www.nordstrom.com,Department store womenswear,Marketplace,High trust; strong service; robust navigation,Choice overload without guardrails,Filters; pickup/returns trust cues; “best sellers” curation,nordstrom.html,.blackbox/.plans/2025-12-29_0523_deep-research-ecommerce-benchmark-womens-fashion/artifacts/snapshots/homepages/nordstrom.html,,,,,,,,,,,,,Department Store,3.0,—
Nordstrom Rack,https://www.nordstromrack.com,Off-price womenswear,Marketplace,Deal-first discovery and urgency mechanics,Promo noise can hurt confidence,Deal merchandising; clearance UX; strong category navigation,nordstrom-rack.html,.blackbox/.plans/2025-12-29_0523_deep-research-ecommerce-benchmark-womens-fashion/artifacts/snapshots/homepages/nordstrom-rack.html,,,,,,,,,,,,,Womenswear (Other),3.0,—
Saks Fifth Avenue,https://www.saksfifthavenue.com,Luxury department store,Marketplace,Luxury trust + assortment depth,Can feel legacy and heavy,Luxury merchandising; concierge/service cues; filters,saks-fifth-avenue.html,.blackbox/.plans/2025-12-29_0523_deep-research-ecommerce-benchmark-womens-fashion/artifacts/snapshots/homepages/saks-fifth-avenue.html,"Saks Fifth Avenue | Designer Clothing, Shoes, Handbags & More","Get inspired with picks curated just for you from Saks Fifth Avenue. Personalized with you in mind, discover all the latest trends and top designer arrivals, all in one place.",,magento,klarna,,,,,dynamic_yield,gtm,"free_shipping, returns_exchanges, gift_cards, newsletter_signup, loyalty_rewards, sustainability",Department Store,10.5,platform: magento; bnpl: klarna; search: dynamic_yield
Neiman Marcus,https://www.neimanmarcus.com,Luxury department store,Marketplace,High-end merchandising and editorial presentation,Legacy performance/complexity risk,Editorial merchandising; luxury trust cues; designer taxonomy,neiman-marcus.html,.blackbox/.plans/2025-12-29_0523_deep-research-ecommerce-benchmark-womens-fashion/artifacts/snapshots/homepages/neiman-marcus.html,neimanmarcus.com,,,,,,,,,,,,Department Store,3.0,—
Bloomingdale's,https://www.bloomingdales.com,Department store womenswear,Marketplace,Strong brand assortment + promo levers,Can be cluttered and promo-heavy,Promo blocks; filters; omnichannel trust cues,bloomingdales.html,.blackbox/.plans/2025-12-29_0523_deep-research-ecommerce-benchmark-womens-fashion/artifacts/snapshots/homepages/bloomingdales.html,Access Denied,,bot_protection_or_blocked,,,,,,,,,,Department Store,1.0,blocked
SKIMS,https://skims.com,Shapewear + intimates,DTC brand,Fit-confidence merchandising plus strong set building,Can feel hype-driven without clear guidance,Fit/size guidance; complete-the-set; BNPL; fast checkout,skims.html,.blackbox/.plans/2025-12-29_0523_deep-research-ecommerce-benchmark-womens-fashion/artifacts/snapshots/homepages/skims.html,SKIMS | Solutions For Every Body,"SKIMS is a solutions oriented brand creating the next generation of underwear, loungewear and shapewear.",,"shopify, magento","afterpay, klarna",okendo,,,,"algolia, dynamic_yield",,"free_shipping, returns_exchanges, size_fit, store_locator, gift_cards, newsletter_signup, loyalty_rewards, sustainability",Intimates / Shapewear,14.0,"platform: shopify, magento; bnpl: afterpay, klarna; reviews: okendo; search: algolia, dynamic_yield"
Savage X Fenty,https://www.savagex.com,Lingerie subscription-like model,DTC brand,Membership economics + frequent drops drive repeat purchase,Membership friction can reduce first conversion,Tiered offers; bundles/sets; onboarding flows,savage-x-fenty.html,.blackbox/.plans/2025-12-29_0523_deep-research-ecommerce-benchmark-womens-fashion/artifacts/snapshots/homepages/savage-x-fenty.html,Savage X Fenty,,,magento,,,,,,,,,Intimates / Shapewear,4.0,platform: magento
Victoria's Secret,https://www.victoriassecret.com,Lingerie + intimates,Legacy retail,Category depth and strong “shop by need” entry points,Complex nav can overwhelm,Bra finders; fit guides; category landing pages,victorias-secret.html,.blackbox/.plans/2025-12-29_0523_deep-research-ecommerce-benchmark-womens-fashion/artifacts/snapshots/homepages/victorias-secret.html,"Victoria's Secret: Bras, Swimsuits, Lingerie, Sport & Beauty","The best bras, swimsuits (bikinis, one-pieces), panties, lingerie, and apparel. Shop Victoria's Secret for your favorite PJs, activewear, beauty, and more.",,,"afterpay, klarna",bazaarvoice,,,narvar,,,"returns_exchanges, store_locator, gift_cards, newsletter_signup, loyalty_rewards, sustainability",Intimates / Shapewear,11.0,"bnpl: afterpay, klarna; reviews: bazaarvoice; returns: narvar"
ThirdLove,https://www.thirdlove.com,Fit-first lingerie,DTC brand,Fit framing + sizing help reduces uncertainty,Needs ongoing social proof freshness,Fit quiz; size guidance; trust + returns messaging,thirdlove.html,.blackbox/.plans/2025-12-29_0523_deep-research-ecommerce-benchmark-womens-fashion/artifacts/snapshots/homepages/thirdlove.html,Thirdlove - Bras and Underwear for Every Body,Bras designed for your body so you always look & feel your best. Available in A-H and half-cup sizes.,,"shopify, magento","afterpay, klarna","yotpo, trustpilot",,,,rebuy,"gtm, ga, meta_pixel","free_shipping, returns_exchanges, store_locator, gift_cards, newsletter_signup, loyalty_rewards, sustainability",Intimates / Shapewear,13.0,"platform: shopify, magento; bnpl: afterpay, klarna; reviews: yotpo, trustpilot; search: rebuy"
CUUP,https://www.cuup.com,Premium lingerie,DTC brand,Premium brand feel with modern merchandising,Smaller assortment increases out-of-stock sensitivity,Premium PDP design; sizing education; set building,cuup.html,.blackbox/.plans/2025-12-29_0523_deep-research-ecommerce-benchmark-womens-fashion/artifacts/snapshots/homepages/cuup.html,Shop All | CUUP,"Shop bras and bottoms from CUUP. Our unlined bras are available in sizes 30-38, A to H. Made from breathable fabrics that support without constricting",,magento,affirm,,,,narvar,,,"free_shipping, returns_exchanges, gift_cards, newsletter_signup, loyalty_rewards, sustainability",Intimates / Shapewear,10.5,platform: magento; bnpl: affirm; returns: narvar
Negative Underwear,https://negativeunderwear.com,Premium minimal lingerie,DTC brand,Minimal design that keeps shoppers focused,Needs strong trust/returns info visibility,Minimal PDP; strong imagery; clear policies,negative-underwear.html,.blackbox/.plans/2025-12-29_0523_deep-research-ecommerce-benchmark-womens-fashion/artifacts/snapshots/homepages/negative-underwear.html,Negative | Comfortable Women’s Loungewear and Underwear,"Negative is underwear that fits your life - effortless bras, underwear, thongs and loungewear. We’re not lacy, pink lingerie. We’re sheer, seamless and minimal.",,"shopify, magento",afterpay,okendo,gorgias,,loop_returns,rebuy,gtm,"returns_exchanges, gift_cards, newsletter_signup, loyalty_rewards, sustainability",Intimates / Shapewear,14.0,"platform: shopify, magento; bnpl: afterpay; reviews: okendo; returns: loop_returns; search: rebuy"
Girlfriend Collective,https://www.girlfriend.com,Sustainable activewear,DTC brand,Values-led positioning with product clarity,Can be copy-heavy,Sustainability trust cues; material/fabric education; clean PDP,girlfriend-collective.html,.blackbox/.plans/2025-12-29_0523_deep-research-ecommerce-benchmark-womens-fashion/artifacts/snapshots/homepages/girlfriend-collective.html,Girlfriend Collective — Ethically Made Activewear,"Don't make waste, wear it. Girlfriend Collective makes activewear out of recycled materials because trash looks better on you than it does polluting the planet.",,"shopify, magento",,okendo,gorgias,,,,,"free_shipping, returns_exchanges, gift_cards, newsletter_signup, loyalty_rewards, sustainability",Activewear / Athleisure,9.0,"platform: shopify, magento; reviews: okendo"
Lululemon,https://shop.lululemon.com,Premium activewear,Legacy retail,Benefits-led merchandising + variant handling at scale,Automated snapshot limited; manual audit recommended,Fabric/tech education; size/fit confidence; omnichannel trust cues,lululemon.html,.blackbox/.plans/2025-12-29_0523_deep-research-ecommerce-benchmark-womens-fashion/artifacts/snapshots/homepages/lululemon.html,Access Denied,,bot_protection_or_blocked,,,,,,,,,,Activewear / Athleisure,1.0,blocked
Alo Yoga,https://www.aloyoga.com,Premium athleisure,DTC brand,High-gloss merchandising and lifestyle-led discovery,Can prioritize hype over clarity,Lifestyle imagery; best sellers edits; strong PDP media,alo-yoga.html,.blackbox/.plans/2025-12-29_0523_deep-research-ecommerce-benchmark-womens-fashion/artifacts/snapshots/homepages/alo-yoga.html,"ALO | Yoga leggings, clothes, and accessories for studio to street","Shop the best yoga wear & accessories for yoga and working out. Wear-tested by yogis for the best fit. Shop celeb-approved yoga pants, workout tights, leggings, capris & lounge for women & men at aloyoga.com.",,"shopify, magento",afterpay,bazaarvoice,,,,,"gtm, ga, meta_pixel","free_shipping, returns_exchanges, size_fit, gift_cards, newsletter_signup, loyalty_rewards, sustainability",Activewear / Athleisure,13.5,"platform: shopify, magento; bnpl: afterpay; reviews: bazaarvoice"
Athleta,https://www.athleta.gap.com,Women’s activewear,Legacy retail,Clear activity-based shopping paths,Can feel promo-heavy,Activity-based navigation; fit/performance framing; returns clarity,athleta.html,.blackbox/.plans/2025-12-29_0523_deep-research-ecommerce-benchmark-womens-fashion/artifacts/snapshots/homepages/athleta.html,Athleta,,,,"afterpay, klarna",,,,,,,"free_shipping, returns_exchanges, size_fit, store_locator, gift_cards, newsletter_signup, loyalty_rewards, sustainability",Activewear / Athleisure,10.0,"bnpl: afterpay, klarna"
Fabletics,https://www.fabletics.com,Activewear (membership),DTC brand,Offer-driven conversion mechanics,Membership gating can frustrate shoppers,Offer architecture; onboarding; bundle UX,fabletics.html,.blackbox/.plans/2025-12-29_0523_deep-research-ecommerce-benchmark-womens-fashion/artifacts/snapshots/homepages/fabletics.html,,,,magento,,,,,,,,sustainability,Activewear / Athleisure,4.0,platform: magento
Carbon38,https://www.carbon38.com,Premium activewear marketplace,Marketplace,Curated premium assortment + clean merchandising,Smaller brand awareness,Curated edits; premium PLP/PDP; cross-sells,carbon38.html,.blackbox/.plans/2025-12-29_0523_deep-research-ecommerce-benchmark-womens-fashion/artifacts/snapshots/homepages/carbon38.html,Carbon38 | Performance Fashion Designed to Move with You,"Discover high-fashion activewear and women's ready-to-wear at Carbon38. We bring fashion to function across our curated collection of global activewear brands. Shop women's leggings, tank tops, sports bras, sneakers, outerwear and more.",,"shopify, magento","afterpay, klarna","yotpo, trustpilot",gorgias,,,,gtm,"free_shipping, returns_exchanges, gift_cards, newsletter_signup, loyalty_rewards, sustainability",Activewear / Athleisure,12.0,"platform: shopify, magento; bnpl: afterpay, klarna; reviews: yotpo, trustpilot"
Sweaty Betty,https://www.sweatybetty.com,Women’s activewear,Legacy retail,Activity and fit framing boosts confidence,Legacy UX debt risk,Fit guidance; activity edits; loyalty modules,sweaty-betty.html,.blackbox/.plans/2025-12-29_0523_deep-research-ecommerce-benchmark-womens-fashion/artifacts/snapshots/homepages/sweaty-betty.html,Sweaty Betty London | Womens Activewear | Run & Yoga Clothes,"Find your new favourite workout clothes in the Sweaty Betty collection. Designed with your goals in mind, experience active wear that helps you reach your performance peak. Sweaty Betty brings you women's fitness clothing without compromising on style - find fashion and function in the Sweaty Betty range.",,magento,"afterpay, klarna",bazaarvoice,,,narvar,"algolia, dynamic_yield","gtm, ga, meta_pixel, tiktok_pixel","returns_exchanges, size_fit, gift_cards, newsletter_signup, loyalty_rewards, sustainability",Activewear / Athleisure,15.5,"platform: magento; bnpl: afterpay, klarna; reviews: bazaarvoice; returns: narvar; search: algolia, dynamic_yield"
Outdoor Voices,https://www.outdoorvoices.com,Athleisure,DTC brand,Simple category architecture and strong brand tone,Assortment volatility risk,Simple nav; clear value props; minimalist PDP,outdoor-voices.html,.blackbox/.plans/2025-12-29_0523_deep-research-ecommerce-benchmark-womens-fashion/artifacts/snapshots/homepages/outdoor-voices.html,Outdoor Voices — Technical Apparel for Recreation,"Outdoor Voices designs Technical Apparel for Recreation. It's our mission to get the world moving and to free fitness from performance. Get your Doing Things uniform here - Candy Fleece, Energy Dress, Doing Things Skort, TechSweat, & RecTrek. Shop Now.",,"shopify, magento",,"yotpo, okendo",,,,,"gtm, ga","returns_exchanges, gift_cards, newsletter_signup, loyalty_rewards, sustainability",Activewear / Athleisure,8.5,"platform: shopify, magento; reviews: yotpo, okendo"
Summersalt,https://www.summersalt.com,Swimwear,DTC brand,Confidence-centric merchandising with fit cues,Needs excellent size/fit tooling,Fit/coverage framing; model info; PDP media,summersalt.html,.blackbox/.plans/2025-12-29_0523_deep-research-ecommerce-benchmark-womens-fashion/artifacts/snapshots/homepages/summersalt.html,Summersalt | Designer Swimwear Without the Designer Price,"Flattering swimwear designed to fit you, not the other way around. Discover your sustainable swimwear soulmate now from 250+ designer swimwear styles.",,"shopify, magento",,,,,loop_returns,searchspring,,"returns_exchanges, size_fit, gift_cards, newsletter_signup, loyalty_rewards, sustainability",Swimwear,10.5,"platform: shopify, magento; returns: loop_returns; search: searchspring"
Andie Swim,https://andieswim.com,Swimwear,DTC brand,Fit and coverage made legible,Limited assortment requires strong discovery,Coverage tags; fit quiz entry points; clear returns,andie-swim.html,.blackbox/.plans/2025-12-29_0523_deep-research-ecommerce-benchmark-womens-fashion/artifacts/snapshots/homepages/andie-swim.html,Andie Co. | Confidence in comfort. Everyday essentials & swimwear.,"Shop Andie and Richer Poorer for premium women's swimwear, everyday essentials and loungewear. Thoughtful fits, sustainable fabrics, and effortless everyday comfort for men and women. Free exchanges.",,"shopify, magento","afterpay, zip",okendo,,,loop_returns,nosto,gtm,"free_shipping, returns_exchanges, size_fit, gift_cards, newsletter_signup, loyalty_rewards, sustainability",Swimwear,16.5,"platform: shopify, magento; bnpl: afterpay, zip; reviews: okendo; returns: loop_returns; search: nosto"
Frankies Bikinis,https://frankiesbikinis.com,Trend swimwear,DTC brand,Influencer-led merchandising drives intent,Can trade clarity for hype,Trend drops; lifestyle imagery; fast quick-add,frankies-bikinis.html,.blackbox/.plans/2025-12-29_0523_deep-research-ecommerce-benchmark-womens-fashion/artifacts/snapshots/homepages/frankies-bikinis.html,Frankies Bikinis | High-Fashion Designer Swimwear | Free Shipping,Effortlessly cool designer swimwear and apparel by Frankies Bikinis. Loved by celebrities and it-girls worldwide. Free US Shipping & Returns. Designed by Francesca Aiello.,,"shopify, magento","afterpay, klarna",,"zendesk, intercom",,,nosto,"gtm, ga, meta_pixel","free_shipping, returns_exchanges, size_fit, store_locator, gift_cards, newsletter_signup, loyalty_rewards, sustainability",Swimwear,13.5,"platform: shopify, magento; bnpl: afterpay, klarna; search: nosto"
Triangl,https://triangl.com,Swimwear,DTC brand,Distinct aesthetic and tight assortment focus,International logistics complexity,Focused assortment; clear variant selection; promo clarity,triangl.html,.blackbox/.plans/2025-12-29_0523_deep-research-ecommerce-benchmark-womens-fashion/artifacts/snapshots/homepages/triangl.html,Triangl Swimwear. Exclusively Online. Worldwide Shipping.,"Triangl Swimwear available exclusively from our website. Italian-made Velvet, French Jacquard + Signature Neoprene.",,"shopify, magento",klarna,"yotpo, trustpilot",gorgias,,,,"gtm, ga, meta_pixel, tiktok_pixel","returns_exchanges, size_fit, newsletter_signup, sustainability",Swimwear,12.5,"platform: shopify, magento; bnpl: klarna; reviews: yotpo, trustpilot"
Montce Swim,https://www.montce.com,Swimwear,DTC brand,Strong mix-and-match merchandising,Config complexity can increase friction,Mix-and-match UX; styling imagery; size guidance,montce-swim.html,.blackbox/.plans/2025-12-29_0523_deep-research-ecommerce-benchmark-womens-fashion/artifacts/snapshots/homepages/montce-swim.html,Fit-focused swimwear // designed to inspire confidence & compliments,"Montce specializes in fit-focused bikinis & swimwear, designed to inspire confidence & compliments. Montce ships world-wide, offering free domestic shipping, free returns and exchanges.",,"shopify, magento","afterpay, klarna","yotpo, trustpilot",gorgias,,,,"gtm, ga, meta_pixel","free_shipping, returns_exchanges, store_locator, gift_cards, newsletter_signup, loyalty_rewards, sustainability",Swimwear,12.5,"platform: shopify, magento; bnpl: afterpay, klarna; reviews: yotpo, trustpilot"
Rothy's,https://rothys.com,Shoes + accessories,DTC brand,Clear product benefits and sustainability cues,Sizing confidence remains critical,Benefit-led PDP; UGC/reviews; fast checkout,rothys.html,.blackbox/.plans/2025-12-29_0523_deep-research-ecommerce-benchmark-womens-fashion/artifacts/snapshots/homepages/rothys.html,Rothy’s: Washable Shoes & Bags Made with Recycled Materials,"Rothy’s Shoes & Bags — Comfortable, washable, stylishly sustainable. Discover your new favorite flats, sneakers, mary janes, totes and so much more.",,"shopify, magento",afterpay,yotpo,,recharge,,,"gtm, tiktok_pixel","free_shipping, returns_exchanges, size_fit, store_locator, gift_cards, newsletter_signup, loyalty_rewards, sustainability",Footwear,14.5,"platform: shopify, magento; bnpl: afterpay; reviews: yotpo"
Birdies,https://birdies.com,Women’s footwear,DTC brand,Simple browsing and gifting-friendly merchandising,Limited awareness compared to incumbents,Giftable merch; clean PDP; trust cues,birdies.html,.blackbox/.plans/2025-12-29_0523_deep-research-ecommerce-benchmark-womens-fashion/artifacts/snapshots/homepages/birdies.html,"Comfortable Women's Shoes, Stylish Flats | Birdies","Meet the shoes that are secretly slippers on the inside. Birdies merges elevated style, luxurious comfort, & everyday versatility. Free shipping & returns.",bot_protection_or_blocked,shopify,,yotpo,gorgias,,,,,"free_shipping, returns_exchanges, size_fit, gift_cards, newsletter_signup, loyalty_rewards, sustainability",Footwear,9.0,blocked; platform: shopify; reviews: yotpo
Dolce Vita,https://www.dolcevita.com,Shoes,DTC brand,Style-led merchandising and collections,Variant complexity + inventory,Style edits; quick-add; clear shipping thresholds,dolce-vita.html,.blackbox/.plans/2025-12-29_0523_deep-research-ecommerce-benchmark-womens-fashion/artifacts/snapshots/homepages/dolce-vita.html,"Dolce Vita® Official Site | Heels, Sandals, Sneakers, Booties, Flats","Take your look to the next level with Dolce Vita®. Shop eye-catching, on-trend sandals, sneakers, boots, heels, accessories, and more.",,"shopify, magento",afterpay,yotpo,gorgias,recharge,,algolia,"gtm, ga","free_shipping, returns_exchanges, gift_cards, newsletter_signup, loyalty_rewards, sustainability",Footwear,13.5,"platform: shopify, magento; bnpl: afterpay; reviews: yotpo; search: algolia"
Steve Madden,https://www.stevemadden.com,Shoes,Legacy retail,Broad assortment and promo cadence,Promo clutter risk,Promo merchandising; category breadth; filters,steve-madden.html,.blackbox/.plans/2025-12-29_0523_deep-research-ecommerce-benchmark-womens-fashion/artifacts/snapshots/homepages/steve-madden.html,Steve Madden® Official Site | Free Shipping on orders $75+,"Sign up for SM Pass today. Shop your favorite Steve Madden shoes, handbags, apparel and accessories. Buy now and pay later.",,"shopify, magento",afterpay,yotpo,gorgias,,narvar,algolia,"gtm, ga","free_shipping, returns_exchanges, store_locator, gift_cards, newsletter_signup, loyalty_rewards, sustainability",Footwear,15.5,"platform: shopify, magento; bnpl: afterpay; reviews: yotpo; returns: narvar; search: algolia"
Tory Burch,https://www.toryburch.com,Accessories + womenswear,Legacy retail,Premium feel with lifestyle merchandising,High imagery weight,Premium PDP; brand storytelling; store locator,tory-burch.html,.blackbox/.plans/2025-12-29_0523_deep-research-ecommerce-benchmark-womens-fashion/artifacts/snapshots/homepages/tory-burch.html,"Tory Burch: Túi xách, Thời trang Nữ, Giày thiết kế, Phụ kiện Nữ, Đầm","Khám phá thương hiệu Tory Burch để mua sắm Túi xách, Giày thiết kế, Thời trang Nữ, Phụ kiện & nhiều sản phẩm khác",,magento,,,,,,,"gtm, ga","store_locator, newsletter_signup, sustainability",Accessories,5.5,platform: magento
Coach,https://www.coach.com,Accessories,Legacy retail,Trust and premium merchandising,Can be heavy and promotional,Premium visuals; gifting UX; store locator,coach.html,.blackbox/.plans/2025-12-29_0523_deep-research-ecommerce-benchmark-womens-fashion/artifacts/snapshots/homepages/coach.html,Access Denied,,bot_protection_or_blocked,,,,,,,,,,Accessories,1.0,blocked
Kate Spade,https://www.katespade.com,Accessories,Legacy retail,Strong gifting patterns and seasonal merchandising,Promo noise risk,Gifting modules; curated edits; fast checkout,kate-spade.html,.blackbox/.plans/2025-12-29_0523_deep-research-ecommerce-benchmark-womens-fashion/artifacts/snapshots/homepages/kate-spade.html,Access Denied,,bot_protection_or_blocked,,,,,,,,,,Accessories,1.0,blocked
Michael Kors,https://www.michaelkors.com,Accessories + womenswear,Legacy retail,Promo-driven conversion mechanics,Discount-first framing can hurt premium perception,Offer architecture; gifting UX; robust filters,michael-kors.html,.blackbox/.plans/2025-12-29_0523_deep-research-ecommerce-benchmark-womens-fashion/artifacts/snapshots/homepages/michael-kors.html,Access Denied,,bot_protection_or_blocked,,,,,,,,,,Accessories,1.0,blocked
Marc Jacobs,https://www.marcjacobs.com,Designer fashion,Legacy retail,High brand personality with curated assortment,Limited inventory can frustrate,Editorial product pages; curated drops; wishlists,marc-jacobs.html,.blackbox/.plans/2025-12-29_0523_deep-research-ecommerce-benchmark-womens-fashion/artifacts/snapshots/homepages/marc-jacobs.html,Marc Jacobs | Official Site,Marc Jacobs,,magento,"afterpay, klarna",,,,narvar,nosto,gtm,"free_shipping, returns_exchanges, size_fit, store_locator, newsletter_signup, sustainability",Other,14.5,"platform: magento; bnpl: afterpay, klarna; returns: narvar; search: nosto"
Telfar,https://telfar.net,Streetwear accessories,DTC brand,Drop culture and scarcity mechanics,Scarcity can create UX frustration,Waitlists; drop messaging; SMS/email capture,telfar.html,.blackbox/.plans/2025-12-29_0523_deep-research-ecommerce-benchmark-womens-fashion/artifacts/snapshots/homepages/telfar.html,TELFAR,TELFAR is a unisex line Est. in 2005 in NYC by Telfar Clemens. It's not for you — it's for everyone.,,"shopify, magento",klarna,,,,,,"gtm, ga, meta_pixel, tiktok_pixel","returns_exchanges, gift_cards, newsletter_signup, loyalty_rewards, sustainability",Accessories,8.5,"platform: shopify, magento; bnpl: klarna"
Loeffler Randall,https://www.loefflerrandall.com,Shoes + accessories,DTC brand,Curated assortment and premium presentation,Needs strong size/fit info,Premium PDP; styling imagery; cross-sells,loeffler-randall.html,.blackbox/.plans/2025-12-29_0523_deep-research-ecommerce-benchmark-womens-fashion/artifacts/snapshots/homepages/loeffler-randall.html,"Loeffler Randall - Designer Women’s Shoes, Handbags & Apparel","Explore Loeffler Randall’s collection of handcrafted shoes, clothing, handbags, and accessories. From statement bridal heels and wedding shoes to versatile handbags and everyday pieces, each design is thoughtfully made to elevate every moment.",,"shopify, magento",afterpay,okendo,gorgias,recharge,loop_returns,searchspring,"gtm, ga","returns_exchanges, size_fit, gift_cards, newsletter_signup, loyalty_rewards, sustainability",Footwear,16.5,"platform: shopify, magento; bnpl: afterpay; reviews: okendo; returns: loop_returns; search: searchspring"
Longchamp,https://www.longchamp.com,Accessories,Legacy retail,Global brand trust and premium merchandising,Internationalization complexity,Localization; premium PDP; gifting UX,longchamp.html,.blackbox/.plans/2025-12-29_0523_deep-research-ecommerce-benchmark-womens-fashion/artifacts/snapshots/homepages/longchamp.html,,,,magento,,,,,,,gtm,"returns_exchanges, newsletter_signup, sustainability",Accessories,6.0,platform: magento
Mejuri,https://mejuri.com,Jewelry,DTC brand,High-frequency purchasing via drops and gifting,Requires trust and clarity on materials,Gifting UX; trust cues; social proof; fast checkout,mejuri.html,.blackbox/.plans/2025-12-29_0523_deep-research-ecommerce-benchmark-womens-fashion/artifacts/snapshots/homepages/mejuri.html,Fine Jewelry For Every Day | Mejuri,"Mejuri is the new luxury of online jewelry shops. Discover handcrafted, everyday fine jewelry inspired by you.",,"shopify, magento",klarna,yotpo,,,,algolia,gtm,"free_shipping, returns_exchanges, store_locator, gift_cards, newsletter_signup, sustainability",Jewelry,12.5,"platform: shopify, magento; bnpl: klarna; reviews: yotpo; search: algolia"
Catbird,https://www.catbirdnyc.com,Jewelry,DTC brand,Distinct brand voice and product storytelling,Assortment depth can complicate discovery,Editorial storytelling; curated edits; gifting modules,catbird.html,.blackbox/.plans/2025-12-29_0523_deep-research-ecommerce-benchmark-womens-fashion/artifacts/snapshots/homepages/catbird.html,"14k Gold Fine Jewelry, Engagement Rings & Diamonds | Catbird","Catbird makes beautiful, ethically sourced fine jewelry and is home of the Forever Bracelet™. Shop 14k gold rings, necklaces, earrings, & bracelets.",,magento,klarna,yotpo,,,,searchspring,"gtm, meta_pixel","returns_exchanges, store_locator, gift_cards, newsletter_signup, sustainability",Jewelry,11.5,platform: magento; bnpl: klarna; reviews: yotpo; search: searchspring
Missoma,https://www.missoma.com,Jewelry,DTC brand,Layering and styling-led merchandising,Needs strong UGC to reduce doubt,Layering bundles; UGC; gifting UX,missoma.html,.blackbox/.plans/2025-12-29_0523_deep-research-ecommerce-benchmark-womens-fashion/artifacts/snapshots/homepages/missoma.html,Missoma | Gold and Silver Jewellery | 10% Off First Order,"Discover quality that lasts with sustainably handcrafted gold, silver & solid gold jewellery at Missoma. Every piece is covered by our 2 year warranty.",,"shopify, magento",klarna,bazaarvoice,,,,klevu,"gtm, ga","returns_exchanges, size_fit, gift_cards, newsletter_signup, sustainability",Jewelry,13.0,"platform: shopify, magento; bnpl: klarna; reviews: bazaarvoice; search: klevu"
Gorjana,https://www.gorjana.com,Jewelry,DTC brand,Easy browsing with giftable product structure,Commoditization risk,Gift finders; curated edits; fast checkout,gorjana.html,.blackbox/.plans/2025-12-29_0523_deep-research-ecommerce-benchmark-womens-fashion/artifacts/snapshots/homepages/gorjana.html,gorjana Jewelry Online and In Stores,"Complete your look with jewelry designed to layer. Shop Solid gold necklaces, bracelets, rings and more at gorjana.",,"shopify, magento",,okendo,,,loop_returns,nosto,,"free_shipping, returns_exchanges, size_fit, store_locator, gift_cards, newsletter_signup, loyalty_rewards, sustainability",Jewelry,14.0,"platform: shopify, magento; reviews: okendo; returns: loop_returns; search: nosto"
Ana Luisa,https://www.analuisa.com,Jewelry,DTC brand,Strong value framing and sustainability cues,Offer clutter risk,Offer architecture; gifting; reviews,ana-luisa.html,.blackbox/.plans/2025-12-29_0523_deep-research-ecommerce-benchmark-womens-fashion/artifacts/snapshots/homepages/ana-luisa.html,Ana Luisa | Your Jewelry Uniform,"High-quality, affordable jewelry staples starting at $50. Tarnishproof, water-resistant, hypoallergenic, our pieces are designed to be the foundation of your daily stack—like your favorite pair of denim or trusty white tee—Ana Luisa is your jewelry uniform.",,"shopify, magento",klarna,,,,,,"gtm, ga, meta_pixel, tiktok_pixel","free_shipping, returns_exchanges, store_locator, newsletter_signup, loyalty_rewards, sustainability",Jewelry,10.0,"platform: shopify, magento; bnpl: klarna"
Kendra Scott,https://www.kendrascott.com,Jewelry,Legacy retail,Strong gifting + personalization patterns,Complexity at scale,Gift guides; personalization; store locator,kendra-scott.html,.blackbox/.plans/2025-12-29_0523_deep-research-ecommerce-benchmark-womens-fashion/artifacts/snapshots/homepages/kendra-scott.html,"Kendra Scott Official | Jewelry, Personalized Gifts & Watches","Find limited-edition jewelry for every look with simple pendant necklaces, huggie earrings, band rings, and more.",,magento,"afterpay, affirm",bazaarvoice,,,,,"gtm, ga","free_shipping, returns_exchanges, size_fit, store_locator, gift_cards, newsletter_signup, loyalty_rewards, sustainability",Jewelry,14.0,"platform: magento; bnpl: afterpay, affirm; reviews: bazaarvoice"
Pandora,https://www.pandora.net,Jewelry,Legacy retail,Charm/collection system drives repeat purchase,Config complexity can increase friction,Collection-building UX; personalization; gifting,pandora.html,.blackbox/.plans/2025-12-29_0523_deep-research-ecommerce-benchmark-womens-fashion/artifacts/snapshots/homepages/pandora.html,Pandora Jewellery Store Locator - Find a Store Near You,"Looking for rings, necklaces, charms or earrings? We have Pandora stores all over the country, selling sterling silver & gold jewellery. Find your nearest store here",,magento,,,,,,,"gtm, ga","returns_exchanges, store_locator, gift_cards, sustainability",Jewelry,6.5,platform: magento
Universal Standard,https://www.universalstandard.com,Inclusive womenswear,DTC brand,Inclusive sizing and fit confidence as core UX,Assortment breadth still needs guardrails,Inclusive sizing UX; fit guidance; easy exchanges,universal-standard.html,.blackbox/.plans/2025-12-29_0523_deep-research-ecommerce-benchmark-womens-fashion/artifacts/snapshots/homepages/universal-standard.html,Universal Standard | Plus Size and Inclusive Fashion from 00 - 40,"Plus Size. Straight Size. Your Size. Elevated essentials that are quality-focused and fit-obsessed, with free shipping and fast returns.",,"shopify, magento",,"yotpo, okendo",gorgias,,,,gtm,"free_shipping, returns_exchanges, gift_cards, newsletter_signup, sustainability",Womenswear (Other),9.5,"platform: shopify, magento; reviews: yotpo, okendo"
Eloquii,https://www.eloquii.com,Plus-size womenswear,Legacy retail,Occasion-led plus-size discovery,Promo noise risk,Occasion filters; inclusive imagery; returns clarity,eloquii.html,.blackbox/.plans/2025-12-29_0523_deep-research-ecommerce-benchmark-womens-fashion/artifacts/snapshots/homepages/eloquii.html,"Plus size Clothing, Dresses, Skirts, Suits, Tops, Jeans and Pants for Women | ELOQUII",ELOQUII,,magento,affirm,,,,narvar,,,"free_shipping, returns_exchanges, gift_cards, newsletter_signup, loyalty_rewards, sustainability",Plus-size / Inclusive,10.5,platform: magento; bnpl: affirm; returns: narvar
Torrid,https://www.torrid.com,Plus-size womenswear,Legacy retail,Deep plus-size category expertise,Legacy UX debt risk,Shop-by-need; fit guidance; loyalty,torrid.html,.blackbox/.plans/2025-12-29_0523_deep-research-ecommerce-benchmark-womens-fashion/artifacts/snapshots/homepages/torrid.html,,,,,,,,,,,,,Plus-size / Inclusive,3.0,—
Lane Bryant,https://www.lanebryant.com,Plus-size womenswear,Legacy retail,Category depth and size-first navigation,Promo clutter risk,Size-first nav; fit tools; store pickup framing,lane-bryant.html,.blackbox/.plans/2025-12-29_0523_deep-research-ecommerce-benchmark-womens-fashion/artifacts/snapshots/homepages/lane-bryant.html,Plus Size Clothing for Women | Lane Bryant,"The latest looks in plus size clothing for women are just a click away at Lane Bryant. Shop trendy tops, pants, stylish dresses and more in sizes 10 to 40.",,magento,klarna,,,,,,,"free_shipping, returns_exchanges, size_fit, store_locator, gift_cards, newsletter_signup, loyalty_rewards, sustainability",Plus-size / Inclusive,11.0,platform: magento; bnpl: klarna
Modanisa,https://modanisa.com,Modest fashion,Marketplace,Category breadth and modest-specific taxonomy,Discovery overload risk,Modest taxonomy; filters; internationalization,modanisa.html,.blackbox/.plans/2025-12-29_0523_deep-research-ecommerce-benchmark-womens-fashion/artifacts/snapshots/homepages/modanisa.html,Attention Required! | Cloudflare,,bot_protection_or_blocked,,,,,,,,,,Other,1.0,blocked
Veiled,https://veiled.com,Modest fashion,DTC brand,Tight category focus with clear brand identity,Needs excellent fit/size clarity,Clear navigation; fit guidance; strong PDP media,veiled.html,.blackbox/.plans/2025-12-29_0523_deep-research-ecommerce-benchmark-womens-fashion/artifacts/snapshots/homepages/veiled.html,VEILED | Hijabs & Modest Clothing,"Shop Veiled — Shop Veiled's sustainably made modest women’s clothing, hijabs and accessories. Shop affordable modest women’s & men's fashion and unique exclusive designs.",,"shopify, magento",,okendo,,,,,"ga, meta_pixel","free_shipping, returns_exchanges, size_fit, gift_cards, newsletter_signup, loyalty_rewards, sustainability",Other,11.5,"platform: shopify, magento; reviews: okendo"
Hatch,https://www.hatchcollection.com,Maternity,DTC brand,Premium maternity positioning with editorial feel,Higher price increases trust burden,Editorial merchandising; fit guidance; premium trust cues,hatch.html,.blackbox/.plans/2025-12-29_0523_deep-research-ecommerce-benchmark-womens-fashion/artifacts/snapshots/homepages/hatch.html,Stylish Maternity Clothing | Nursing Clothes | HATCH Collection,"Find Fashionable Maternity Clothing for every stage of your pregnancy at HATCH. From dresses and bras to nursing wear and sweaters, we have you covered!",,"shopify, magento",,yotpo,gorgias,,,nosto,"ga, meta_pixel, tiktok_pixel","returns_exchanges, gift_cards, newsletter_signup, sustainability",Maternity,9.5,"platform: shopify, magento; reviews: yotpo; search: nosto"
Seraphine,https://www.seraphine.com,Maternity,Legacy retail,Clear maternity-specific merchandising,Legacy UX risk,Maternity fit guidance; occasion edits; returns clarity,seraphine.html,.blackbox/.plans/2025-12-29_0523_deep-research-ecommerce-benchmark-womens-fashion/artifacts/snapshots/homepages/seraphine.html,"Next Official Site: Shop for Clothes, Shoes, Electricals, Homeware & More","next.co.uk - shop online for the latest fashion for women, men, children and homeware. Next day delivery and free returns available.",,magento,,bazaarvoice,zendesk,,,,gtm,"returns_exchanges, store_locator, gift_cards, sustainability",Maternity,9.0,platform: magento; reviews: bazaarvoice
Pink Blush Maternity,https://www.pinkblushmaternity.com,Maternity,DTC brand,Promo-driven conversion with maternity focus,Promo overload risk,Offer architecture; maternity filters; fast checkout,pink-blush-maternity.html,.blackbox/.plans/2025-12-29_0523_deep-research-ecommerce-benchmark-womens-fashion/artifacts/snapshots/homepages/pink-blush-maternity.html,Stylish Maternity Clothes For The Bump + Beyond | PinkBlush Maternity,"PinkBlush is the one-stop shop for stylish and trendy maternity clothing for the modern mother. We know a mother's life can be hectic but finding her style doesn't have to be. That's why our designers have curated a collection to help you feel confident during pregnancy, postpartum and beyond.",,"shopify, magento",,"yotpo, trustpilot",zendesk,,,searchspring,"gtm, ga","free_shipping, returns_exchanges, size_fit, gift_cards, newsletter_signup, loyalty_rewards, sustainability",Maternity,13.0,"platform: shopify, magento; reviews: yotpo, trustpilot; search: searchspring"
Grace Loves Lace,https://graceloveslace.com,Bridal,DTC brand,High-trust bridal storytelling and appointment framing,Long consideration cycle needs nurture,Appointment flows; high-touch trust cues; PDP storytelling,grace-loves-lace.html,.blackbox/.plans/2025-12-29_0523_deep-research-ecommerce-benchmark-womens-fashion/artifacts/snapshots/homepages/grace-loves-lace.html,Bridal Boutique | Ethical Wedding Dresses – Grace Loves Lace US,"Grace Loves Lace specializes in luxurious, comfortable & sustainable wedding dresses. Complimentary shipping. Buy now pay later. Global boutiques.",,"shopify, magento",klarna,,,,,,ga,"returns_exchanges, newsletter_signup, sustainability",Other,8.0,"platform: shopify, magento; bnpl: klarna"
David's Bridal,https://www.davidsbridal.com,Bridal,Legacy retail,Assortment depth + service framing,Legacy UX complexity,Occasion filters; appointment booking; returns/alterations messaging,davids-bridal.html,.blackbox/.plans/2025-12-29_0523_deep-research-ecommerce-benchmark-womens-fashion/artifacts/snapshots/homepages/davids-bridal.html,David's Bridal,"Shop wedding gowns, bridesmaid dresses and formals at David's Bridal. Find dresses and accessories for any special occasion at amazing prices.",,"shopify, magento",,,,,,,,"free_shipping, store_locator, newsletter_signup, loyalty_rewards, sustainability",Other,6.0,"platform: shopify, magento"
Rent the Runway,https://www.renttherunway.com,Rental fashion,Subscription rental,Membership economics and occasion-first browsing,Onboarding complexity can reduce signups,Membership UX; occasion discovery; wardrobe planning,rent-the-runway.html,.blackbox/.plans/2025-12-29_0523_deep-research-ecommerce-benchmark-womens-fashion/artifacts/snapshots/homepages/rent-the-runway.html,Rent the Runway | Designer Clothing Subscription &amp; Dress Rentals,"The premier designer rental destination giving you more access, style and options than anywhere else. RTR’s rotating closet is constantly updated with new trends, does your dry cleaning and takes up zero space. The future of fashion is here.",,magento,,,,,,,gtm,"free_shipping, returns_exchanges, gift_cards, loyalty_rewards, sustainability",Rental / Subscription,7.5,platform: magento
Nuuly,https://www.nuuly.com,Rental fashion,Subscription rental,Curated rental assortment with strong discovery,Membership friction risk,Subscription UX; discovery filters; closet-like saving,nuuly.html,.blackbox/.plans/2025-12-29_0523_deep-research-ecommerce-benchmark-womens-fashion/artifacts/snapshots/homepages/nuuly.html,Clothing Rental | Nuuly,"Rent, resell & thrift clothes online in ways that are gentler on the planet & your wallet.",,magento,,,intercom,,,,"gtm, ga, meta_pixel","free_shipping, returns_exchanges, size_fit, gift_cards, newsletter_signup, loyalty_rewards, sustainability",Rental / Subscription,10.0,platform: magento
The RealReal,https://www.therealreal.com,Luxury resale marketplace,Marketplace,Trust and authentication framing with deep inventory,Condition clarity and fees can confuse,Condition grading; trust cues; alerts/wishlists,the-realreal.html,.blackbox/.plans/2025-12-29_0523_deep-research-ecommerce-benchmark-womens-fashion/artifacts/snapshots/homepages/the-realreal.html,Access to this page has been denied,px-captcha,,magento,,,,,,,,,Resale / Secondhand,4.0,platform: magento
thredUP,https://www.thredup.com,Resale marketplace,Marketplace,Deal mechanics + huge inventory browsing,Discovery overload risk,Deal UX; saved searches; condition taxonomy,thredup.html,.blackbox/.plans/2025-12-29_0523_deep-research-ecommerce-benchmark-womens-fashion/artifacts/snapshots/homepages/thredup.html,Just a moment...,,bot_protection_or_blocked,magento,,,,,,,,,Resale / Secondhand,2.0,blocked; platform: magento
Poshmark,https://poshmark.com,Resale marketplace,Marketplace,Social commerce loops drive repeat visits,Varied seller quality impacts trust,Social proof loops; offers; saved searches,poshmark.html,.blackbox/.plans/2025-12-29_0523_deep-research-ecommerce-benchmark-womens-fashion/artifacts/snapshots/homepages/poshmark.html,"Poshmark: Buy and sell fashion, home decor, beauty & more","Buy, sell, and discover fashion, home decor, beauty, and more",,,affirm,trustpilot,,,,,"gtm, ga, meta_pixel, tiktok_pixel","free_shipping, returns_exchanges, gift_cards, newsletter_signup, sustainability",Resale / Secondhand,10.0,bnpl: affirm; reviews: trustpilot
Vestiaire Collective,https://www.vestiairecollective.com,Luxury resale marketplace,Marketplace,Authentication + luxury framing drives trust,International shipping complexity,Trust cues; condition grading; alerts,vestiaire-collective.html,.blackbox/.plans/2025-12-29_0523_deep-research-ecommerce-benchmark-womens-fashion/artifacts/snapshots/homepages/vestiaire-collective.html,Just a moment...,,bot_protection_or_blocked,magento,,,,,,,,sustainability,Resale / Secondhand,2.0,blocked; platform: magento
Depop,https://www.depop.com,Resale social marketplace,Marketplace,Community-led discovery and feeds,Trust/quality variability,Feed discovery; seller profiles; offers,depop.html,.blackbox/.plans/2025-12-29_0523_deep-research-ecommerce-benchmark-womens-fashion/artifacts/snapshots/homepages/depop.html,Forbidden - Depop,,,magento,,,zendesk,,,,,,Resale / Secondhand,4.5,platform: magento
Vinted,https://www.vinted.com,Resale marketplace,Marketplace,Low-friction resale browsing and messaging,Trust mechanisms vary by region,Low-friction listing/buying; saved searches; shipping UX,vinted.html,.blackbox/.plans/2025-12-29_0523_deep-research-ecommerce-benchmark-womens-fashion/artifacts/snapshots/homepages/vinted.html,"Vinted | Sell and buy clothes, shoes and accessories","One community, thousands of brands, and a whole lot of second-hand style. Ready to get started? Here’s how it works.",bot_protection_or_blocked,magento,klarna,,,recharge,,,gtm,"free_shipping, returns_exchanges, size_fit, newsletter_signup, loyalty_rewards, sustainability",Resale / Secondhand,10.0,blocked; platform: magento; bnpl: klarna
Doen,https://www.doen.com,Premium DTC womenswear,DTC brand,Brand storytelling and romantic aesthetic merchandising,Assortment volatility risk,Editorial merchandising; PDP photography; outfit styling,doen.html,.blackbox/.plans/2025-12-29_0523_deep-research-ecommerce-benchmark-womens-fashion/artifacts/snapshots/homepages/doen.html,Just a moment...,,bot_protection_or_blocked,magento,,,,,,,,sustainability,Premium DTC Womenswear,2.0,blocked; platform: magento
Staud,https://www.staud.clothing,Contemporary womenswear,DTC brand,Modern fashion merchandising with strong visuals,Automated snapshot timed out; manual audit required,Premium visuals; curated drops; cross-sell,staud.html,.blackbox/.plans/2025-12-29_0523_deep-research-ecommerce-benchmark-womens-fashion/artifacts/snapshots/homepages/staud.html,"STAUD Official Site - Clothing, Handbags, Footwear & Swim","Explore the world of STAUD—modern clothing, iconic handbags, and everyday pieces with a point of view. Sign up for emails to get 15% off your first order.",,"shopify, magento","afterpay, klarna",trustpilot,,,loop_returns,,gtm,"free_shipping, returns_exchanges, gift_cards, newsletter_signup, sustainability",Contemporary Womenswear,13.0,"platform: shopify, magento; bnpl: afterpay, klarna; reviews: trustpilot; returns: loop_returns"
Ganni,https://www.ganni.com,Contemporary womenswear,Legacy retail,Strong brand identity and trend merchandising,Internationalization complexity,Trend capsules; editorial imagery; clear category architecture,ganni.html,.blackbox/.plans/2025-12-29_0523_deep-research-ecommerce-benchmark-womens-fashion/artifacts/snapshots/homepages/ganni.html,"GANNI – Women's Designer Fashion, Bags & Accessories | Official Site",Discover the world of GANNI. Shop the latest collections at GANNI.com. Fast & easy delivery on all orders.,,magento,klarna,,zendesk,,,,"gtm, ga","free_shipping, returns_exchanges, store_locator, newsletter_signup, sustainability",Contemporary Womenswear,10.0,platform: magento; bnpl: klarna
Rouje,https://www.rouje.com,Parisian DTC womenswear,DTC brand,Editorial “wardrobe” merchandising that sells outfits,Can hide basics behind narrative,Shop the look; editorial PLPs; PDP storytelling,rouje.html,.blackbox/.plans/2025-12-29_0523_deep-research-ecommerce-benchmark-womens-fashion/artifacts/snapshots/homepages/rouje.html,Rouje | Une allure féminine et sensuelle - Born in Paris,Rouje est à l’image de Jeanne Damas. Une marque parisienne pleine de caractère qui s’assume et porte avec assurance ses envies et ses créations.,,"shopify, magento",,judge_me,zendesk,,,,gtm,"newsletter_signup, sustainability",Womenswear (Other),7.5,"platform: shopify, magento; reviews: judge_me"
Realisation Par,https://realisationpar.com,Occasion dresses,DTC brand,Tight occasion assortment with strong visuals,Limited sizing needs confidence tools,Occasion merch; clear fit guidance; strong PDP media,realisation-par.html,.blackbox/.plans/2025-12-29_0523_deep-research-ecommerce-benchmark-womens-fashion/artifacts/snapshots/homepages/realisation-par.html,Réalisation Par | US Official Store,"Discover our elevated cult-classic silk dresses. Shop the anywhere, anytime, go-to collection of printed dresses, skirts & tops. World wide shipping.",,bigcommerce,zip,,zendesk,,aftership,,"gtm, ga, meta_pixel, tiktok_pixel","returns_exchanges, newsletter_signup, sustainability",Other,10.5,platform: bigcommerce; bnpl: zip; returns: aftership
LoveShackFancy,https://www.loveshackfancy.com,Feminine occasion fashion,Legacy retail,Strong brand story and gifting/occasion merchandising,High imagery weight/performance risk,Editorial collections; gifting modules; strong PDP visuals,loveshackfancy.html,.blackbox/.plans/2025-12-29_0523_deep-research-ecommerce-benchmark-womens-fashion/artifacts/snapshots/homepages/loveshackfancy.html,LoveShackFancy - Women's lifestyle and travel inspired clothing,"LoveShackFancy is a New York City-based lifestyle brand founded in 2013 by stylist, designer and creative director Rebecca Hessel Cohen.",,"shopify, magento",,yotpo,gorgias,,,"nosto, rebuy, dynamic_yield","gtm, ga","free_shipping, returns_exchanges, size_fit, store_locator, gift_cards, newsletter_signup, sustainability",Other,13.0,"platform: shopify, magento; reviews: yotpo; search: nosto, rebuy, dynamic_yield"
For Love & Lemons,https://www.forloveandlemons.com,Occasion + lingerie adjacent,DTC brand,Distinct aesthetic and outfit merchandising,Fit/returns friction risk,Complete-the-look; rich PDP media; occasion edits,for-love-and-lemons.html,.blackbox/.plans/2025-12-29_0523_deep-research-ecommerce-benchmark-womens-fashion/artifacts/snapshots/homepages/for-love-and-lemons.html,,,,,,,,,,,,,Intimates / Shapewear,3.0,—
AllSaints,https://www.allsaints.com,Contemporary womenswear,Legacy retail,Clear brand tone and product storytelling,Legacy UX debt risk,Category landing pages; strong photography; promotions done cleanly,allsaints.html,.blackbox/.plans/2025-12-29_0523_deep-research-ecommerce-benchmark-womens-fashion/artifacts/snapshots/homepages/allsaints.html,"ALLSAINTS | Iconic Leather Jackets, Clothing & Accessories","Discover the AllSaints 2025 collection of men's and women's clothing. Featuring leather jackets, denim, coats and jackets, knitwear and accessories. Free UK delivery on orders over £100.",,magento,"afterpay, klarna",yotpo,,,,,"gtm, ga","returns_exchanges, size_fit, gift_cards, newsletter_signup, sustainability",Contemporary Womenswear,12.0,"platform: magento; bnpl: afterpay, klarna; reviews: yotpo"
Sandro,https://us.sandro-paris.com,Contemporary womenswear,Legacy retail,Premium merchandising and clean PDPs,Internationalization complexity,Premium PDP layout; restrained promos; strong imagery,sandro.html,.blackbox/.plans/2025-12-29_0523_deep-research-ecommerce-benchmark-womens-fashion/artifacts/snapshots/homepages/sandro.html,SANDRO Official Site | Fall / Winter Collection 2025,Welcome to the official Sandro US online store – Shop the latest Women’s and Men’s Autumn/Winter 25 collections.,,magento,,,,,,,gtm,"returns_exchanges, size_fit, gift_cards, newsletter_signup, sustainability",Contemporary Womenswear,8.0,platform: magento
Maje,https://us.maje.com,Contemporary womenswear,Legacy retail,Premium feel with clear collection navigation,International shipping/returns complexity,Collection-based nav; premium PDP; trust cues,maje.html,.blackbox/.plans/2025-12-29_0523_deep-research-ecommerce-benchmark-womens-fashion/artifacts/snapshots/homepages/maje.html,Maje Official Website: Sale | Enjoy Up To 50% off Fall-Winter Styles,Discover the entire universe of Maje and the ready-to-wear collections and accessories for women on the official Maje online shop.,,magento,,,,,,searchspring,gtm,"free_shipping, returns_exchanges, store_locator, gift_cards, newsletter_signup, sustainability",Contemporary Womenswear,8.5,platform: magento; search: searchspring
Bimba y Lola,https://www.bimbaylola.com,Contemporary fashion,Legacy retail,Distinct brand + accessories cross-sell,Regional UX differences,Cross-sell accessories; curated edits; localization patterns,bimba-y-lola.html,.blackbox/.plans/2025-12-29_0523_deep-research-ecommerce-benchmark-womens-fashion/artifacts/snapshots/homepages/bimba-y-lola.html,BIMBA Y LOLA | Official Online store,BIMBA Y LOLA. Women,,magento,klarna,,,,,,"gtm, ga","returns_exchanges, newsletter_signup, sustainability",Other,8.0,platform: magento; bnpl: klarna
